feature,gain,split
EXT_SOURCES_MEAN,629481.6647017956,1589.0
EXT_SOURCES_NANMEDIAN,287163.0908817768,1301.2
EXT_SOURCES_MIN,231045.74673056602,1310.7
EXT_SOURCES_MAX,130571.62270464897,1021.2
CREDIT_TO_ANNUITY_RATIO,94137.1227643013,2319.3
CREDIT_TO_GOODS_RATIO,69546.15940265656,1174.8
EXT_SOURCE_3,67294.68320708275,1452.6
BUREAU_CONSUMER_DAYS_CREDIT_ENDDATE_MAX,43178.548326778415,1216.2
DAYS_EMPLOYED,42986.45817799568,1024.8
DAYS_BIRTH,39803.45390057564,1496.9
BUREAU_ACTIVE_DEBT_CREDIT_DIFF_MEAN,35030.15370397568,919.4
AMT_ANNUITY,34759.389061307906,1167.0
EXT_SOURCE_1,34552.67531671524,1179.9
EMPLOYED_TO_BIRTH_RATIO,33519.56799955368,1006.1
LAST_LOAN_LATE_PAYMENT_mean,32559.524403953554,499.3
LAST_LOAN_DPD_mean,31603.716828250886,416.6
EXT_SOURCES_PROD,31217.961121034623,772.9
CODE_GENDER,30445.84693841934,565.6
GROUP_CREDIT_TO_ANNUITY_MEAN,29998.19330444336,986.5
CURRENT_TO_APPROVED_ANNUITY_MAX_RATIO,29693.766215753556,764.6
PREV_LAST24M_SIMPLE_INTERESTS_MAX,29263.99730963707,811.0
EXT_SOURCE_2,28749.197036647798,1017.5
CURRENT_TO_APPROVED_ANNUITY_MEAN_RATIO,27141.488777923583,824.4
BUREAU_DEBT_CREDIT_DIFF_MEAN,26948.59261522293,732.0
GROUP_EXT_SOURCES_STD,26860.329003810883,885.8
NAME_EDUCATION_TYPE,26673.42006549835,447.5
BUREAU_CREDIT_DEBT_CREDIT_DIFF_MEAN,26589.51733689308,898.1
EXT_SOURCES_WEIGHTED,25064.66739192009,601.0
PREV_LAST24M_DAYS_LAST_DUE_1ST_VERSION_MEAN,24290.780734920503,731.6
BUREAU_DEBT_OVER_CREDIT,23798.987154006958,563.3
AMT_GOODS_PRICE,23559.89075202942,838.9
PREV_Cash_SIMPLE_INTERESTS_MEAN,23426.46080412865,691.5
PREV_NAME_CONTRACT_STATUS_Refused_MEAN,23338.24303064346,509.1
INS_36M_DPD_7_MEAN,21547.07746810913,444.6
LAST_LOAN_DPD_std,21514.032944774626,361.4
PREV_LAST24M_DAYS_LAST_DUE_1ST_VERSION_MAX,20485.2726252079,662.5
INS_SIGNIFICANT_LATE_PAYMENT_SUM,20435.074095773696,543.0
INCOME_TO_EMPLOYED_RATIO,20099.447782945634,802.2
BUREAU_ACTIVE_DEBT_PERCENTAGE_MEAN,20001.903888082503,687.2
DAYS_ID_PUBLISH,19978.728208971024,919.8
AMT_CREDIT,19884.809359121322,744.9
PAYMENT_MEAN_TO_ANNUITY_RATIO,19704.214562606812,635.5
ANNUITY_TO_INCOME_RATIO,19499.50168905258,821.8
PREV_Cash_SIMPLE_INTERESTS_MAX,19245.67513766289,544.2
GROUP_EXT_SOURCES_MEDIAN,18156.38808207512,705.4
BUREAU_LAST12M_DEBT_CREDIT_DIFF_MEAN,17949.571594536304,723.2
BUREAU_ACTIVE_DAYS_CREDIT_MAX,17601.38238182068,709.4
EXT_SOURCES_VAR,17226.410886240006,557.1
PREV_DAYS_TERMINATION_MAX,17215.946152830125,786.7
BUREAU_ACTIVE_DEBT_OVER_CREDIT,16974.77797217369,620.2
PREV_Cash_DAYS_LAST_DUE_1ST_VERSION_MAX,16618.5032725811,568.2
CC_CNT_DRAWINGS_ATM_CURRENT_MEAN,16553.05254421234,409.8
BUREAU_LAST12M_DEBT_PERCENTAGE_MEAN,16541.03853368759,553.7
OWN_CAR_AGE,16526.993294620515,494.3
BUREAU_CLOSED_DAYS_CREDIT_UPDATE_MAX,16335.360054969788,841.1
PHONE_TO_BIRTH_RATIO,16247.055759811401,816.9
DAYS_REGISTRATION,16126.806109523774,821.1
24_TREND_DPD,15813.446191120147,547.2
BUREAU_CREDIT_DEBT_PERCENTAGE_MEAN,15797.472426509858,580.3
DAYS_LAST_PHONE_CHANGE,15610.107013225555,769.0
60_TREND_DPD,15569.538301229477,524.5
REGION_POPULATION_RELATIVE,15516.446733427048,799.3
BUREAU_DEBT_CREDIT_DIFF_SUM,15514.375611686706,495.1
CC_LAST_AMT_BALANCE_MEAN,15091.997329425812,411.8
APPROVED_SIMPLE_INTERESTS_MIN,14852.048459529877,556.1
APPROVED_APPLICATION_CREDIT_DIFF_MAX,14804.64935541153,421.9
PREV_Cash_CNT_PAYMENT_MEAN,14610.442953634261,434.9
PREV_Cash_DAYS_LAST_DUE_1ST_VERSION_MEAN,14594.858330631256,542.7
BUREAU_CLOSED_ENDDATE_DIF_MEAN,14494.437563037873,732.1
ID_TO_BIRTH_RATIO,14388.02691488266,691.8
INS_DAYS_ENTRY_PAYMENT_MIN,14325.794694948196,450.0
CAR_TO_BIRTH_RATIO,14200.361787414551,547.3
CAR_TO_EMPLOYED_RATIO,14191.521396875381,518.8
PREV_LAST24M_APPLICATION_CREDIT_RATIO_MIN,14142.140416622162,434.2
POS_MONTHS_BALANCE_SIZE,14126.698958826066,506.9
CC_LAST_AMT_BALANCE_MAX,14122.815555238723,371.0
BUREAU_DAYS_CREDIT_MAX,13980.643397903443,577.5
BUREAU_ACTIVE_CREDIT_TO_INCOME_RATIO,13948.509340524673,638.8
PREV_Consumer_AMT_ANNUITY_MAX,13923.48766822815,580.5
GROUP_INCOME_MEAN,13910.956204319,654.4
INS_LATE_PAYMENT_SUM,13765.288105750084,459.4
INS_36M_DPD_MEAN,13652.651352548599,376.7
PREV_Cash_SIMPLE_INTERESTS_MIN,13610.223747348786,595.8
120_TREND_DPD,13556.896577835083,524.8
PREV_CNT_PAYMENT_MEAN,13473.723386144638,455.8
NAME_FAMILY_STATUS,13268.403137302399,601.6
PREV_Consumer_AMT_CREDIT_SUM,13225.195329761505,589.5
PAYMENT_MAX_TO_ANNUITY_RATIO,13219.937616109848,450.2
BUREAU_CLOSED_DAYS_CREDIT_ENDDATE_MAX,13147.332253503799,642.7
PREV_LAST24M_DAYS_LAST_DUE_1ST_VERSION_MIN,13112.71776995659,533.9
BUREAU_CREDIT_DAYS_CREDIT_MAX,13104.163623952865,627.0
INS_AMT_PAYMENT_SUM,12997.581322479247,384.9
BUREAU_CONSUMER_DAYS_CREDIT_MAX,12944.343795394898,623.3
CREDIT_TO_INCOME_RATIO,12795.16594209671,600.3
GROUP_CREDIT_TO_ANNUITY_STD,12715.697840309143,654.2
BUREAU_ACTIVE_DAYS_CREDIT_ENDDATE_MIN,12578.663442420959,667.5
BUREAU_LAST12M_AMT_CREDIT_SUM_SUM,12530.707571697236,517.3
BUREAU_CLOSED_DAYS_CREDIT_VAR,12471.56486401558,578.2
PREV_ACTIVE_REMAINING_DEBT_SUM,12441.915943813325,520.7
BUREAU_CREDIT_AMT_CREDIT_SUM_DEBT_MAX,12432.955339479446,555.5
PREV_Consumer_AMT_ANNUITY_MEAN,12313.73974428177,577.6
BUREAU_CREDIT_DAYS_CREDIT_MEAN,12311.475161027909,597.7
PREV_APPLICATION_CREDIT_DIFF_MAX,12215.933847332,362.8
INS_60M_LATE_PAYMENT_RATIO_MEAN,11941.210312271118,324.4
APPROVED_AMT_DOWN_PAYMENT_MAX,11865.00326538086,416.5
BUREAU_CLOSED_DAYS_CREDIT_MAX,11840.785083198547,579.4
GROUP_CREDIT_MEAN,11721.858138942718,529.8
YEARS_BEGINEXPLUATATION_MEDI,11707.135626459121,606.0
BUREAU_ACTIVE_AMT_CREDIT_SUM_SUM,11623.469604253769,527.3
INS_60M_DAYS_ENTRY_PAYMENT_MIN,11532.98046092987,449.3
REFUSED_DAYS_DECISION_MAX,11418.62491889,435.2
INCOME_TO_BIRTH_RATIO,11407.875855970382,583.6
12_TREND_DPD,11353.128155517577,474.3
BUREAU_DAYS_CREDIT_ENDDATE_MAX,11295.40695924759,537.5
DAYS_CREDIT_MEAN_TO_EMPLOYED,11011.030140256882,566.6
CC_LIMIT_USE_MAX,10956.947302150726,379.3
GROUP_INCOME_STD,10901.716246032714,563.3
BUREAU_DAYS_CREDIT_MEAN,10849.660301446915,467.2
DAYS_CREDIT_MEAN_TO_BIRTH,10816.085882759095,522.7
PREV_NAME_CONTRACT_STATUS_Approved_MEAN,10765.890702295303,276.1
BUREAU_CONSUMER_AMT_CREDIT_SUM_MEAN,10760.944028282165,517.8
TOTALAREA_MODE,10712.670861148834,483.2
INS_36M_AMT_PAYMENT_MIN,10601.584066534042,448.0
BUREAU_LAST6M_DEBT_PERCENTAGE_MEAN,10563.968816804885,445.7
GROUP_ANNUITY_STD,10558.576127481461,549.7
DAYS_DECISION_MEAN_TO_EMPLOYED,10541.53605466485,524.4
GROUP_ANNUITY_MEAN,10530.611350917816,545.9
BUREAU_CREDIT_DAYS_CREDIT_ENDDATE_MAX,10503.686551189423,551.2
BUREAU_ACTIVE_DAYS_CREDIT_ENDDATE_MAX,10440.659184217453,510.7
PREV_Consumer_APPLICATION_CREDIT_RATIO_MEAN,10372.351379442214,446.5
INS_36M_DPD_VAR,10371.423389673233,331.1
BUREAU_CLOSED_AMT_CREDIT_SUM_MEAN,10255.201501846313,517.6
BUREAU_CLOSED_AMT_CREDIT_SUM_SUM,10242.200517749787,473.3
CURRENT_TO_APPROVED_CREDIT_MIN_RATIO,10222.082542324066,503.7
CC_CNT_DRAWINGS_CURRENT_MEAN,10196.68079328537,316.1
BUREAU_LAST12M_AMT_CREDIT_SUM_MAX,10160.367660045624,449.4
BUREAU_ACTIVE_DAYS_CREDIT_MEAN,10156.065933942795,514.6
INS_60M_DPD_7_MEAN,10135.684334516525,295.2
NEW_DOC_KURT,10092.536990642548,226.5
PREV_ACTIVE_REMAINING_DEBT_MAX,9990.50652937889,425.0
INS_36M_DAYS_ENTRY_PAYMENT_MEAN,9951.851255989075,461.5
PREV_HOUR_APPR_PROCESS_START_MEAN,9809.912734317779,484.9
NAME_INCOME_TYPE,9760.001211833955,257.1
INS_60M_DAYS_ENTRY_PAYMENT_MEAN,9739.456899023056,425.6
INS_36M_LATE_PAYMENT_RATIO_MEAN,9731.24707326889,314.7
BUREAU_CONSUMER_DEBT_CREDIT_DIFF_MEAN,9660.059245586395,486.5
BUREAU_ACTIVE_DAYS_CREDIT_UPDATE_MEAN,9640.101807451249,502.6
BUREAU_ACTIVE_AMT_CREDIT_MAX_OVERDUE_MAX,9638.647050285339,361.3
INS_36M_DAYS_ENTRY_PAYMENT_MIN,9610.419955301284,425.2
APPROVED_SIMPLE_INTERESTS_MEAN,9601.129409313202,431.6
BUREAU_ACTIVE_DAYS_CREDIT_UPDATE_MIN,9550.144883680343,490.3
PREV_APPLICATION_CREDIT_RATIO_MEAN,9493.430780696868,392.3
PREV_Consumer_DAYS_LAST_DUE_1ST_VERSION_MEAN,9437.377777817845,439.3
REGION_RATING_CLIENT_W_CITY,9408.202853870393,322.6
BUREAU_CLOSED_AMT_CREDIT_SUM_MAX,9396.490041828156,454.0
BUREAU_CREDIT_AMT_CREDIT_SUM_DEBT_MEAN,9386.296982908249,426.8
INS_36M_DAYS_ENTRY_PAYMENT_MAX,9385.849205827713,466.8
POS_REMAINING_INSTALMENTS,9353.516926956177,371.2
ORGANIZATION_TYPE,9351.456007385254,528.2
INS_36M_DBD_VAR,9325.875512695313,482.2
BUREAU_DAYS_CREDIT_MIN,9319.458933448792,482.5
PREV_DAYS_DECISION_MEAN,9309.531383132935,375.7
INS_12M_CNT_DRAWINGS_ATM_CURRENT_MEAN,9158.016384315491,215.6
LIVINGAREA_AVG,9136.574457502365,422.8
BUREAU_CONSUMER_AMT_CREDIT_SUM_MAX,9094.06612906456,436.0
PREV_Cash_DAYS_DECISION_MAX,9055.869363212585,478.5
PREV_LAST24M_DAYS_DECISION_MIN,8970.642929601669,465.3
BUREAU_LAST12M_AMT_CREDIT_SUM_DEBT_MEAN,8968.23320274353,412.0
BUREAU_AMT_CREDIT_SUM_MEAN,8945.500024032594,438.9
BUREAU_AMT_CREDIT_SUM_SUM,8928.743987321854,376.4
PREV_APPLICATION_CREDIT_RATIO_VAR,8919.67929353714,461.1
BUREAU_INCOME_CREDIT_RATIO,8904.263731813431,440.8
PAYMENT_MIN_TO_ANNUITY_RATIO,8892.23467054367,412.1
BUREAU_CONSUMER_AMT_CREDIT_SUM_DEBT_MEAN,8881.92205104828,376.7
INS_36M_DBD_MEAN,8847.21442580223,459.2
POS_MONTHS_BALANCE_MIN,8750.668187665939,372.2
INS_60M_DBD_VAR,8749.413160467147,448.6
BUREAU_DAYS_CREDIT_ENDDATE_MIN,8728.891578245162,444.3
PREV_Consumer_APPLICATION_CREDIT_DIFF_VAR,8719.623850011825,448.9
BUREAU_CONSUMER_DAYS_CREDIT_MEAN,8696.5924305439,434.9
PREV_LAST24M_DAYS_DECISION_MEAN,8671.056384944915,443.4
PREV_ACTIVE_DAYS_LAST_DUE_1ST_VERSION_MIN,8639.702444839477,372.7
PREV_Consumer_SIMPLE_INTERESTS_VAR,8609.946200466156,446.7
INS_DBD_VAR,8609.393686008454,445.2
BUREAU_CONSUMER_AMT_CREDIT_MAX_OVERDUE_MEAN,8566.69771680832,364.9
PREV_AMT_DOWN_PAYMENT_MAX,8498.572151184082,343.8
PREV_Consumer_SIMPLE_INTERESTS_MIN,8482.1153236866,412.0
CTA_CREDIT_TO_ANNUITY_MEAN_RATIO,8421.007966041565,432.6
INS_DAYS_ENTRY_PAYMENT_MEAN,8413.27969970703,357.6
PREV_Consumer_APPLICATION_CREDIT_RATIO_MIN,8342.956772089005,409.8
PREV_LAST24M_APPLICATION_CREDIT_RATIO_MEAN,8339.545038700104,409.6
PREV_LAST24M_SIMPLE_INTERESTS_MEAN,8236.504989910125,394.2
DEF_30_CNT_SOCIAL_CIRCLE,8232.402521944046,270.6
INS_36M_AMT_INSTALMENT_MIN,8154.692028188705,389.1
DAYS_DECISION_MEAN_TO_BIRTH,8125.4386875629425,373.8
PREV_Consumer_DAYS_LAST_DUE_1ST_VERSION_MAX,8108.177618169784,394.4
REFUSED_DAYS_DECISION_MEAN,8061.795996522904,295.9
PREV_Consumer_APPLICATION_CREDIT_DIFF_MIN,8054.173970365524,415.9
FLAG_DOCUMENT_3,8027.519651317596,153.3
BUREAU_CONSUMER_AMT_CREDIT_SUM_DEBT_MAX,8002.321029806137,359.5
REFUSED_AMT_CREDIT_MIN,7961.412615013122,357.6
INS_AMT_INSTALMENT_SUM,7949.461423683167,294.5
CURRENT_TO_APPROVED_CREDIT_MAX_RATIO,7893.140240764618,351.9
INS_60M_DBD_MEAN,7875.274962472916,403.5
PREV_CREDIT_TO_ANNUITY_RATIO_MEAN,7863.25263876915,344.2
BUREAU_CREDIT_AMT_CREDIT_SUM_MAX,7843.542384338379,404.4
INS_DBD_MEAN,7830.463205909729,397.4
PREV_Cash_APPLICATION_CREDIT_RATIO_MEAN,7804.671058225632,329.1
PREV_Consumer_SIMPLE_INTERESTS_MEAN,7771.438792181015,388.8
BUREAU_CREDIT_AMT_CREDIT_SUM_MEAN,7766.311267471314,407.6
APPROVED_SIMPLE_INTERESTS_MAX,7753.595405340195,395.0
PREV_ACTIVE_DAYS_DECISION_MIN,7717.285327243805,391.2
PREV_Consumer_SIMPLE_INTERESTS_MAX,7670.678915977478,396.2
CC_LIMIT_USE_MEAN,7645.718530797958,235.9
PREV_AMT_ANNUITY_MIN,7638.01676735878,380.4
PREV_AMT_DOWN_PAYMENT_MEAN,7593.468576717377,358.7
PREV_Cash_APPLICATION_CREDIT_RATIO_MIN,7547.35042848587,291.3
CTA_CREDIT_TO_ANNUITY_MAX_RATIO,7546.111673259735,382.8
APPROVED_CNT_PAYMENT_MEAN,7533.517225837708,321.0
BUREAU_CONSUMER_AMT_CREDIT_MAX_OVERDUE_MAX,7525.1717483997345,328.3
POS_SK_DPD_DEF_MEAN,7517.416705799103,248.6
POS_LOAN_COMPLETED_MEAN,7476.3305972576145,376.1
INS_DAYS_ENTRY_PAYMENT_MAX,7450.342237329483,354.8
BUREAU_LAST12M_AMT_CREDIT_SUM_DEBT_SUM,7445.167879724502,351.3
CURRENT_TO_APPROVED_CREDIT_MEAN_RATIO,7432.265996265412,352.4
INS_36M_SIGNIFICANT_LATE_PAYMENT_MEAN,7420.085347318649,225.7
INS_DBD_MAX,7359.607600402832,371.3
BUREAU_AMT_CREDIT_SUM_DEBT_MEAN,7358.280195426941,320.1
BUREAU_CREDIT_ACTIVE_Closed_MEAN,7357.633385658264,265.7
PREV_ACTIVE_AMT_CREDIT_SUM,7356.861308145523,351.5
INS_60M_AMT_PAYMENT_SUM,7282.335739135742,286.0
PREV_Consumer_CNT_PAYMENT_MEAN,7273.582243251801,361.7
PREV_Consumer_APPLICATION_CREDIT_RATIO_MAX,7267.061726951599,321.3
BUREAU_ACTIVE_AMT_CREDIT_SUM_DEBT_MEAN,7250.151897716522,363.4
PREV_LAST12M_SIMPLE_INTERESTS_MAX,7230.67965965271,350.8
APPROVED_DAYS_LAST_DUE_1ST_VERSION_MIN,7223.433906841278,319.8
PREV_Cash_APPLICATION_CREDIT_DIFF_MIN,7209.4807834148405,330.6
INS_60M_AMT_PAYMENT_MIN,7133.097849464417,361.4
PREV_LAST24M_AMT_ANNUITY_MEAN,7127.256977558136,366.8
INS_60M_DBD_MAX,7118.57788362503,361.4
INS_60M_DPD_MEAN,7110.750218582153,246.2
INS_36M_DBD_MAX,7108.199386358261,364.9
PREV_Consumer_DAYS_DECISION_MAX,7099.177388620376,357.4
APPROVED_AMT_CREDIT_MIN,7097.482409381866,362.3
POS_NAME_CONTRACT_STATUS_Active_MEAN,7063.054734516144,362.2
PREV_ACTIVE_REMAINING_DEBT_MEAN,7040.915599250793,321.7
APARTMENTS_AVG,7031.482517337799,339.4
PREV_LAST12M_DAYS_DECISION_MIN,6996.901747274399,377.7
BUREAU_AMT_CREDIT_SUM_MAX,6981.194088554383,325.7
BUREAU_ACTIVE_AMT_CREDIT_SUM_MAX,6975.517217540741,340.0
PREV_Cash_APPLICATION_CREDIT_DIFF_VAR,6974.366836309433,340.8
INS_AMT_PAYMENT_MIN,6959.462061977387,357.7
BUREAU_AMT_CREDIT_MAX_OVERDUE_MAX,6939.536596775055,318.1
PREV_LAST24M_AMT_CREDIT_SUM,6914.750437307358,341.6
INS_36M_AMT_PAYMENT_SUM,6864.791497182846,288.5
BUREAU_AMT_CREDIT_MAX_OVERDUE_MEAN,6856.036760807037,293.3
APPROVED_CREDIT_TO_ANNUITY_RATIO_MEAN,6832.316166973114,309.8
BUREAU_LAST6M_AMT_CREDIT_SUM_SUM,6800.208972883224,329.5
INS_60M_AMT_INSTALMENT_MIN,6798.1083216667175,330.7
BUREAU_ACTIVE_AMT_CREDIT_SUM_DEBT_SUM,6746.39478149414,317.9
CC_CNT_DRAWINGS_CURRENT_MAX,6737.059751653671,297.2
APPROVED_DAYS_LAST_DUE_DIFF_MEAN,6725.8154815196995,326.6
PREV_LAST12M_DAYS_DECISION_MEAN,6719.369331741333,362.0
APPROVED_APPLICATION_CREDIT_RATIO_MEAN,6711.993636131287,332.4
APPROVED_AMT_ANNUITY_MIN,6659.062609577179,336.2
PREV_APPLICATION_CREDIT_DIFF_MEAN,6572.400636577606,321.2
APPROVED_DAYS_LAST_DUE_DIFF_MIN,6551.154852485657,314.6
PREV_ACTIVE_REPAYMENT_RATIO_MEAN,6465.305772304535,288.9
APARTMENTS_MODE,6456.1305883407595,319.8
PREV_LAST24M_APPLICATION_CREDIT_DIFF_MIN,6425.94588971138,304.7
PREV_NAME_TYPE_SUITE_Unaccompanied_MEAN,6405.496187448502,353.0
PREV_AMT_ANNUITY_MEAN,6381.008585214615,335.7
PREV_DAYS_DECISION_MAX,6330.835190296173,320.5
PREV_ACTIVE_DAYS_DECISION_MEAN,6290.141214609146,319.9
REFUSED_APPLICATION_CREDIT_RATIO_MIN,6280.2926892280575,207.6
INS_36M_AMT_INSTALMENT_MAX,6279.873861455917,293.9
INS_60M_PAYMENT_DIFFERENCE_MEAN,6219.909782028199,263.5
POS_NAME_CONTRACT_STATUS_Completed_MEAN,6197.604486370086,316.4
INS_60M_SIGNIFICANT_LATE_PAYMENT_MEAN,6190.080174732208,215.5
PREV_LAST12M_DAYS_LAST_DUE_1ST_VERSION_MIN,6169.652528762817,292.1
INS_SK_ID_PREV_SIZE,6140.035223484039,274.4
BUREAU_ACTIVE_AMT_CREDIT_MAX_OVERDUE_MEAN,6067.056531333923,252.5
INS_60M_DAYS_ENTRY_PAYMENT_MAX,6066.332393217087,295.4
AMT_INCOME_TOTAL,6062.9580701828,324.1
BUREAU_CREDIT_ACTIVE_Active_MEAN,6040.92899594307,252.0
INS_36M_SK_ID_PREV_SIZE,6037.751144170761,296.7
BUREAU_LL_STATUS_12345_MEAN,6022.272290325165,314.4
PREV_APPLICATION_CREDIT_RATIO_MAX,6012.212340164185,253.3
PREV_RATE_DOWN_PAYMENT_MEAN,6001.45324215889,313.6
INS_AMT_INSTALMENT_MIN,5996.7246249198915,292.7
APPROVED_AMT_ANNUITY_MEAN,5910.6422041893,298.4
APPROVED_DAYS_LAST_DUE_1ST_VERSION_MEAN,5856.031705188751,262.5
PREV_RATE_DOWN_PAYMENT_MAX,5835.827668762207,276.3
INS_36M_AMT_PAYMENT_MEAN,5830.385723018646,281.2
APPROVED_DAYS_FIRST_DUE_MEAN,5802.282692527771,284.9
PREV_DAYS_DECISION_MIN,5784.511431121826,258.0
APPROVED_APPLICATION_CREDIT_RATIO_MAX,5702.491265487671,251.9
INS_60M_SK_ID_PREV_SIZE,5661.700265789032,261.7
INS_36M_AMT_INSTALMENT_MEAN,5654.186126565934,282.0
PREV_LAST24M_AMT_ANNUITY_MAX,5623.096381282807,288.3
BUREAU_AMT_CREDIT_SUM_DEBT_SUM,5612.778676843644,254.1
BUREAU_STATUS_0_MEAN,5609.629719448089,321.7
120_TREND_PAID_OVER_AMOUNT,5598.683719682694,283.2
INS_12M_LIMIT_USE_MAX,5568.084159231186,199.6
APPROVED_HOUR_APPR_PROCESS_START_MAX,5550.583024549484,244.6
APARTMENTS_MEDI,5533.41492023468,263.2
LAST_LOAN_DPD_max,5523.23861284256,118.8
PREV_LAST24M_APPLICATION_CREDIT_RATIO_MAX,5508.346503925323,296.8
REFUSED_DAYS_DECISION_MIN,5487.43427464962,252.4
INS_36M_PAYMENT_DIFFERENCE_MEAN,5445.052070617676,224.4
BUREAU_AMT_CREDIT_SUM_DEBT_MAX,5430.685452270508,264.8
INS_AMT_INSTALMENT_MAX,5421.9025706291195,252.1
PREV_Cash_SIMPLE_INTERESTS_VAR,5416.9292623996735,302.9
REFUSED_APPLICATION_CREDIT_DIFF_MAX,5408.447899961471,242.1
60_TREND_PAID_OVER_AMOUNT,5379.758444213867,271.5
LAST_LOAN_LATE_PAYMENT_count,5378.671243619919,275.8
POS_MONTHS_BALANCE_MAX,5348.643597698212,242.4
LAST_LOAN_DPD_sum,5334.397899580002,141.8
INS_PAYMENT_DIFFERENCE_MEAN,5329.438639736176,222.5
TOTAL_REPAYMENT_RATIO,5323.136608791351,257.8
APPROVED_AMT_GOODS_PRICE_MAX,5283.93809466362,251.6
PREV_LAST12M_APPLICATION_CREDIT_RATIO_MIN,5272.611935901642,215.8
12_TREND_PAID_OVER_AMOUNT,5250.845098543167,282.3
PREV_Cash_AMT_CREDIT_SUM,5250.137993812561,261.2
PREV_APPLICATION_CREDIT_RATIO_MIN,5230.0267430305485,235.8
REFUSED_APPLICATION_CREDIT_DIFF_VAR,5227.997500228882,237.1
APPROVED_AMT_ANNUITY_MAX,5218.38968219757,252.3
AGE_RANGE,5213.440620470047,171.9
INS_60M_AMT_INSTALMENT_SUM,5210.83968243599,226.1
PREV_APPLICATION_CREDIT_DIFF_MIN,5169.672849702835,261.6
PREV_Cash_AMT_ANNUITY_MEAN,5160.6985835075375,270.7
INS_DPD_7_MEAN,5143.781866312027,179.0
BUREAU_LAST6M_AMT_CREDIT_SUM_MAX,5125.985589504242,262.7
INS_36M_AMT_INSTALMENT_SUM,5121.560654687882,238.2
APPROVED_DAYS_LAST_DUE_DIFF_MAX,5114.603451395034,261.7
DEF_60_CNT_SOCIAL_CIRCLE,5102.536546087265,192.0
APPROVED_AMT_CREDIT_MEAN,5097.315813970566,251.2
INS_60M_AMT_INSTALMENT_MEAN,5068.544656181335,251.9
APPROVED_DAYS_DECISION_MEAN,5053.6037733078,234.0
PREV_ACTIVE_DAYS_LAST_DUE_1ST_VERSION_MEAN,5035.075739002228,204.3
PREV_LAST12M_AMT_CREDIT_SUM,5024.28809299469,252.0
INS_36M_LATE_PAYMENT_MEAN,5018.832886099815,207.7
PREV_DOWN_PAYMENT_TO_CREDIT_MEAN,5016.231308555603,260.3
POS_REMAINING_INSTALMENTS_RATIO,4954.36237783432,239.3
PREV_ACTIVE_AMT_APPLICATION_MEAN,4947.307093143463,257.2
INS_60M_AMT_PAYMENT_MEAN,4911.566866397858,243.0
PREV_Cash_AMT_ANNUITY_MAX,4910.958250904083,263.9
APPROVED_DAYS_TERMINATION_MEAN,4906.918856239319,234.4
PREV_LAST12M_DAYS_LAST_DUE_1ST_VERSION_MAX,4897.701819133758,229.1
PREV_ACTIVE_AMT_ANNUITY_SUM,4897.357816934586,245.3
FLAG_WORK_PHONE,4895.282893896103,221.6
ENTRANCES_AVG,4885.520713186264,248.9
BUREAU_LAST6M_DEBT_CREDIT_DIFF_MEAN,4849.315503549576,242.0
PREV_ACTIVE_SIMPLE_INTERESTS_MEAN,4847.286574745178,254.4
PREV_CREDIT_TO_ANNUITY_RATIO_MAX,4840.045505619049,234.9
INS_LATE_PAYMENT_RATIO_MEAN,4831.84330201149,235.4
PREV_LAST12M_DAYS_LAST_DUE_1ST_VERSION_MEAN,4830.401190567017,219.6
PREV_ACTIVE_DAYS_LAST_DUE_1ST_VERSION_MAX,4829.843066310883,188.0
INS_36M_AMT_PAYMENT_MAX,4821.581895446778,230.0
APPROVED_AMT_CREDIT_MAX,4819.879204893112,231.2
BUREAU_ACTIVE_CREDIT_TO_ANNUITY_RATIO_MEAN,4799.736097335815,273.1
BUREAU_SK_ID_BUREAU_NUNIQUE,4791.679109811783,235.3
PREV_LAST12M_AMT_ANNUITY_MEAN,4779.008574724197,248.2
BUREAU_MONTHS_BALANCE_SIZE_MEAN,4776.286448335648,221.6
BUREAU_CLOSED_AMT_CREDIT_MAX_OVERDUE_MAX,4768.290365552903,246.2
INS_AMT_PAYMENT_MEAN,4744.980595731735,228.2
BUREAU_CLOSED_AMT_CREDIT_MAX_OVERDUE_MEAN,4743.874374818802,234.5
24_TREND_PAID_OVER_AMOUNT,4726.036812591553,248.9
BUREAU_LAST12M_AMT_CREDIT_MAX_OVERDUE_MAX,4716.709054994583,181.9
INS_60M_AMT_INSTALMENT_MAX,4709.507587528229,219.2
INS_60M_DPD_VAR,4687.943158817291,196.9
INS_AMT_INSTALMENT_MEAN,4665.109134244919,231.2
BUREAU_LL_DEBT_CREDIT_DIFF_MEAN,4663.7464548587795,229.9
INS_24M_CNT_DRAWINGS_ATM_CURRENT_MEAN,4635.012110376358,102.8
PREV_ACTIVE_AMT_ANNUITY_MAX,4623.095871973038,232.8
INS_60M_LATE_PAYMENT_MEAN,4614.897188425064,199.4
APPROVED_DAYS_FIRST_DUE_MIN,4611.730787801743,206.1
AMT_CREDIT_MAX_OVERDUE,4555.974660205841,201.6
BUREAU_ACTIVE_MONTHS_BALANCE_SIZE_MEAN,4538.852011442184,267.3
PREV_AMT_ANNUITY_MAX,4524.8425221920015,239.4
INS_LATE_PAYMENT_MEAN,4509.946416091919,217.3
LAST_LOAN_PAID_OVER_AMOUNT_mean,4479.61903629303,174.2
REFUSED_AMT_CREDIT_MAX,4479.549501276017,203.3
REFUSED_APPLICATION_CREDIT_RATIO_MEAN,4452.529642772674,210.3
PREV_HOUR_APPR_PROCESS_START_MAX,4437.620591545105,218.2
INS_12M_LIMIT_USE_MEAN,4420.713190937042,130.8
PREV_LAST12M_SIMPLE_INTERESTS_MEAN,4405.922545051575,231.6
BUREAU_STATUS_C_MEAN,4405.295029401779,228.6
PREV_LAST12M_APPLICATION_CREDIT_RATIO_MEAN,4397.695058202744,210.3
APPROVED_APPLICATION_CREDIT_RATIO_MIN,4394.480009651184,214.5
APPROVED_DAYS_LAST_DUE_MEAN,4390.228416109085,206.2
PREV_ACTIVE_AMT_APPLICATION_MAX,4389.034385204315,221.4
APPROVED_DAYS_DECISION_MIN,4364.47774887085,199.6
BUREAU_CREDIT_TYPE_Credit_card_MEAN,4360.074504470826,225.7
PREV_NAME_YIELD_GROUP_middle_MEAN,4355.394807767868,228.3
APPROVED_CREDIT_TO_ANNUITY_RATIO_MAX,4349.152693891525,210.4
REFUSED_CNT_PAYMENT_MEAN,4294.192226076126,182.4
REFUSED_AMT_APPLICATION_MAX,4274.993757486343,198.8
BUREAU_MICROLOAN_DAYS_CREDIT_MEAN,4266.694044780731,112.2
INS_DPD_MEAN,4238.079789972306,200.9
BUREAU_MONTHS_BALANCE_MEAN_VAR,4230.549036741257,227.5
PREV_LAST12M_AMT_ANNUITY_MAX,4218.785563564301,218.4
PREV_CHANNEL_TYPE_Country_wide_MEAN,4217.744219350815,211.3
BUREAU_LL_AMT_CREDIT_SUM_OVERDUE_MEAN,4217.203415584564,233.2
PREV_PRODUCT_COMBINATION_POS_household_with_interest_MEAN,4214.8158542633055,219.0
REFUSED_APPLICATION_CREDIT_DIFF_MIN,4187.791319036483,185.1
BUREAU_CREDIT_TYPE_Consumer_credit_MEAN,4162.978429508209,214.6
BUREAU_LAST12M_AMT_CREDIT_MAX_OVERDUE_MEAN,4158.849184322357,165.1
REFUSED_APPLICATION_CREDIT_DIFF_MEAN,4150.328910589218,183.7
BUREAU_STATUS_X_MEAN,4134.658259344101,233.5
INS_AMT_PAYMENT_MAX,4092.169089746475,190.2
PREV_LAST12M_APPLICATION_CREDIT_DIFF_MIN,4085.8050717830656,208.4
PREV_NAME_PRODUCT_TYPE_walk_in_MEAN,4066.7635592460633,145.6
BUREAU_CLOSED_STATUS_12345_MEAN,4057.2720328330993,197.7
BUREAU_MONTHS_BALANCE_SIZE_SUM,4045.249037504196,218.2
PREV_Cash_APPLICATION_CREDIT_RATIO_MAX,4026.0470435619354,197.9
PREV_ACTIVE_AMT_PAYMENT_SUM,3998.153046655655,203.0
FLOORSMAX_AVG,3998.087892341614,173.3
BUREAU_MONTHS_BALANCE_MEAN_MEAN,3997.5346460819246,203.4
BUREAU_LAST6M_AMT_CREDIT_SUM_DEBT_SUM,3992.2967861652373,205.0
BUREAU_AMT_ANNUITY_MEAN,3895.720920419693,212.9
PREV_NAME_YIELD_GROUP_XNA_MEAN,3875.3876599788664,194.0
PREV_LAST12M_APPLICATION_CREDIT_RATIO_MAX,3862.2503707408905,210.2
INS_SIGNIFICANT_LATE_PAYMENT_MEAN,3861.059817790985,181.8
POS_SK_DPD_DEF_MAX,3843.8548806190493,156.8
BUREAU_MICROLOAN_DAYS_CREDIT_MAX,3841.3596678733825,109.0
PREV_ACTIVE_INSTALMENT_PAYMENT_DIFF_MEAN,3815.1732113838198,176.3
PREV_NAME_CLIENT_TYPE_New_MEAN,3707.1556701660156,168.8
PREV_NAME_YIELD_GROUP_low_normal_MEAN,3695.3378061294557,188.6
INS_60M_AMT_PAYMENT_MAX,3695.102503204346,173.8
PREV_NAME_YIELD_GROUP_high_MEAN,3693.3884125709533,182.6
CC_AMT_PAYMENT_TOTAL_CURRENT_VAR,3677.1936925888062,193.4
BUREAU_ACTIVE_MONTHS_BALANCE_MEAN_MEAN,3665.5865423202513,199.1
LAST_LOAN_PAID_OVER_AMOUNT_std,3656.3095101356507,186.8
PREV_NAME_YIELD_GROUP_low_action_MEAN,3651.461509370804,159.6
REFUSED_CNT_PAYMENT_MAX,3646.6771718502046,118.7
BUREAU_ACTIVE_MONTHS_BALANCE_MEAN_VAR,3631.2981852054595,207.8
APPROVED_DAYS_LAST_DUE_1ST_VERSION_MAX,3628.009486961365,158.8
DOCUMENT_COUNT,3608.7035640239715,154.4
REFUSED_AMT_APPLICATION_MEAN,3577.4490191459654,179.7
REG_CITY_NOT_LIVE_CITY,3540.7298357963564,145.1
PREV_NAME_TYPE_SUITE_Family_MEAN,3522.3822063446046,181.8
PREV_ACTIVE_CNT_PAYMENT_SUM,3506.781730747223,150.3
INS_DPD_VAR,3503.054248666763,168.3
PREV_CNT_PAYMENT_MAX,3495.424546909332,107.3
LAST_LOAN_PAID_OVER_AMOUNT_min,3472.310200595856,166.6
PREV_CHANNEL_TYPE_Credit_and_cash_offices_MEAN,3439.3963474750517,187.6
PREV_ACTIVE_INSTALMENT_PAYMENT_DIFF_MAX,3431.3825368881226,155.9
APPROVED_HOUR_APPR_PROCESS_START_MIN,3408.8247992038728,172.9
BUREAU_MICROLOAN_AMT_CREDIT_SUM_MEAN,3380.325640773773,90.5
PREV_CHANNEL_TYPE_AP_Cash_loan__MEAN,3364.9743205070495,164.9
CC_PAYMENT_DIV_MIN_MEAN,3338.0196969032286,164.4
POS_SK_ID_PREV_NUNIQUE,3318.891031217575,98.4
BUREAU_LAST6M_AMT_CREDIT_SUM_DEBT_MEAN,3300.7011675834656,181.0
PREV_PRODUCT_COMBINATION_POS_industry_with_interest_MEAN,3278.856619644165,188.4
POS_NAME_CONTRACT_STATUS_Signed_MEAN,3260.8274022102355,170.8
BUREAU_MORTGAGE_AMT_CREDIT_SUM_MAX,3247.095804643631,138.8
PREV_HOUR_APPR_PROCESS_START_MIN,3103.499928712845,158.0
INS_36M_DPD_MAX,3073.9764323711397,140.6
BUREAU_MORTGAGE_AMT_CREDIT_SUM_MEAN,3068.783214521408,127.0
WEEKDAY_APPR_PROCESS_START,3065.228267478943,171.5
ENTRANCES_MEDI,3061.509623336792,159.8
INS_PAYMENT_RATIO_MEAN,3026.9327457904815,142.1
CC_CNT_DRAWINGS_POS_CURRENT_MEAN,3016.045857286453,157.1
AMT_REQ_CREDIT_BUREAU_QRT,2998.8360771656035,158.0
BUREAU_ACTIVE_MONTHS_BALANCE_SIZE_SUM,2974.0567333698273,155.3
BUREAU_MICROLOAN_AMT_CREDIT_SUM_MAX,2974.02965221405,73.1
OCCUPATION_TYPE,2973.8918607711794,163.7
CC_AMT_PAYMENT_TOTAL_CURRENT_MAX,2973.670956945419,154.7
BUREAU_LAST12M_AMT_CREDIT_SUM_OVERDUE_MEAN,2964.429223203659,121.6
PREV_NAME_CONTRACT_TYPE_Consumer_loans_MEAN,2949.848273706436,126.8
PREV_CHANNEL_TYPE_Stone_MEAN,2929.9677678585053,156.8
CC_PAYMENT_DIV_MIN_MIN,2905.282629585266,171.8
PREV_PRODUCT_COMBINATION_Cash_X_Sell_middle_MEAN,2891.265342903137,154.1
BUREAU_LAST12M_STATUS_0_MEAN,2875.7498939037323,160.3
PREV_NAME_PRODUCT_TYPE_XNA_MEAN,2872.868482303619,144.1
LAST_LOAN_PAID_OVER_AMOUNT_sum,2869.807563257217,153.5
PREV_NAME_CLIENT_TYPE_Refreshed_MEAN,2816.668938779831,168.8
LAST_LOAN_PAID_OVER_count,2789.5006454467775,140.9
BUREAU_STATUS_1_MEAN,2736.179378795624,137.7
CC_AMT_PAYMENT_TOTAL_CURRENT_MEAN,2707.1032225608824,136.7
PREV_NAME_CLIENT_TYPE_Repeater_MEAN,2687.001588726044,136.3
BUREAU_STATUS_12345_MEAN,2684.0683401584624,127.3
LATE_PAYMENT_SUM,2680.184856367111,135.2
PREV_ACTIVE_CNT_PAYMENT_MEAN,2658.443620967865,121.5
BUREAU_CREDIT_AMT_CREDIT_MAX_OVERDUE_MEAN,2632.818664741516,145.4
BUREAU_MICROLOAN_AMT_CREDIT_SUM_DEBT_MEAN,2631.544149684906,85.3
BUREAU_CREDIT_AMT_CREDIT_MAX_OVERDUE_MAX,2593.774271631241,140.4
PREV_PRODUCT_COMBINATION_POS_mobile_with_interest_MEAN,2589.8893620967865,133.7
CC_AMT_PAYMENT_TOTAL_CURRENT_SUM,2586.294625425339,132.5
APPROVED_DAYS_LAST_DUE_MAX,2551.798697090149,123.7
APPROVED_CNT_PAYMENT_MAX,2540.0334510803223,96.3
CC_MONTHS_BALANCE_MIN,2530.15597615242,129.1
REGION_RATING_CLIENT,2513.4475646972655,91.3
INS_DPD_MAX,2495.7276701927185,132.4
POS_SK_DPD_DEF_SUM,2493.0143564224245,112.2
PREV_NAME_PRODUCT_TYPE_x_sell_MEAN,2492.587354135513,125.9
PREV_LAST24M_NAME_CONTRACT_TYPE_Revolving_loans_MEAN,2481.0217067718504,114.7
POS_LATE_PAYMENT_MEAN,2474.7107523441314,128.4
PREV_NAME_CONTRACT_STATUS_Canceled_MEAN,2454.0806263446807,139.4
REFUSED_NAME_CONTRACT_TYPE_Cash_loans_MEAN,2436.8523480415342,97.6
PREV_NAME_CONTRACT_TYPE_Cash_loans_MEAN,2409.2794569015505,124.8
INS_60M_PAYMENT_RATIO_MEAN,2352.531503677368,111.6
INS_24M_LIMIT_USE_MAX,2330.4654508113863,82.1
BUREAU_CONSUMER_DEBT_PERCENTAGE_MEAN,2313.5290764808656,128.9
PREV_LAST24M_NAME_CONTRACT_TYPE_Cash_loans_MEAN,2266.507910823822,111.1
INS_60M_DPD_MAX,2233.200263786316,110.4
REFUSED_NAME_CONTRACT_TYPE_Consumer_loans_MEAN,2211.1852130889893,79.5
PREV_PRODUCT_COMBINATION_Cash_MEAN,2196.438139438629,118.2
FLOORSMAX_MEDI,2148.630633354187,94.4
INS_36M_PAYMENT_RATIO_MEAN,2142.2956253051757,105.0
BUREAU_MICROLOAN_DAYS_CREDIT_ENDDATE_MAX,2077.6103494644167,82.0
CC_AMT_DRAWINGS_ATM_CURRENT_MAX,2056.2417084217072,106.8
PREV_LAST24M_NAME_CONTRACT_TYPE_Consumer_loans_MEAN,2051.236753463745,97.4
CC_CNT_DRAWINGS_CURRENT_SUM,1994.0433089733124,101.1
POS_COMPLETED_BEFORE_MEAN,1968.6172865867616,104.8
BUREAU_AMT_CREDIT_SUM_OVERDUE_MAX,1964.8866945266723,62.5
INS_48M_CNT_DRAWINGS_ATM_CURRENT_MEAN,1949.0241302490235,44.7
CC_AMT_DRAWINGS_POS_CURRENT_SUM,1939.1629532337188,109.6
PREV_SK_ID_PREV_NUNIQUE,1925.093963241577,99.9
CC_AMT_DRAWINGS_ATM_CURRENT_SUM,1923.3907698154449,97.2
CC_AMT_BALANCE_MAX,1917.772523546219,89.4
PREV_NAME_TYPE_SUITE_Spouse_partner_MEAN,1890.2083924293518,104.7
PREV_CHANNEL_TYPE_Regional_Local_MEAN,1868.3360399246217,106.3
BUREAU_MICROLOAN_AMT_CREDIT_SUM_DEBT_MAX,1867.564337825775,55.0
BUREAU_AMT_CREDIT_SUM_OVERDUE_MEAN,1851.4987731933593,62.2
PREV_PRODUCT_COMBINATION_Cash_X_Sell_low_MEAN,1802.9650853157043,93.6
POS_NAME_CONTRACT_STATUS_Returned_to_the_store_MEAN,1801.0400224685668,97.4
FLOORSMAX_MODE,1796.2938777923584,86.4
CC_AMT_DRAWINGS_CURRENT_MAX,1792.0176830291748,90.5
POS_SK_DPD_MEAN,1774.114046573639,88.4
CC_AMT_INST_MIN_REGULARITY_MEAN,1772.7972151756287,89.8
POS_SK_DPD_VAR,1762.9499261856079,93.4
INS_DPD_15_MEAN,1761.1875933170318,86.6
POS_SK_DPD_SUM,1724.6737046718597,95.1
CC_AMT_TOTAL_RECEIVABLE_MEAN,1709.3829301834107,78.0
PREV_NAME_CONTRACT_TYPE_Revolving_loans_MEAN,1678.5513523578643,86.2
BUREAU_CLOSED_AMT_CREDIT_SUM_DEBT_MAX,1664.2481216907502,86.5
INS_60M_DPD_15_MEAN,1649.8072235107422,78.6
INS_24M_LIMIT_USE_MEAN,1646.2160655975342,53.3
PREV_PRODUCT_COMBINATION_Cash_X_Sell_high_MEAN,1631.1675530910493,82.7
CC_AMT_DRAWINGS_POS_CURRENT_MAX,1621.898741531372,91.0
BUREAU_CREDIT_TYPE_Microloan_MEAN,1620.6326563835144,53.0
CC_AMT_INST_MIN_REGULARITY_MAX,1613.349613571167,76.1
BUREAU_CLOSED_AMT_CREDIT_SUM_DEBT_SUM,1607.1400814533233,86.0
PREV_CHANNEL_TYPE_Contact_center_MEAN,1592.5897409439087,92.1
BUREAU_ACTIVE_AMT_CREDIT_SUM_OVERDUE_MEAN,1590.172173500061,61.9
INS_12M_AMT_BALANCE_MEAN,1587.2165871620177,68.3
BUREAU_ACTIVE_AMT_CREDIT_SUM_OVERDUE_MAX,1559.7499846458436,49.1
CC_AMT_DRAWINGS_CURRENT_SUM,1527.4718821525573,78.3
PREV_PRODUCT_COMBINATION_POS_other_with_interest_MEAN,1522.0670569896697,83.2
BUREAU_CAR_DEBT_CREDIT_DIFF_MEAN,1515.7158309936524,86.4
CC_CNT_DRAWINGS_ATM_CURRENT_SUM,1509.730874633789,78.8
POS_SK_DPD_MAX,1496.1421179771423,83.6
BUREAU_CAR_AMT_CREDIT_SUM_MAX,1490.6015338897705,89.5
PREV_PRODUCT_COMBINATION_POS_household_without_interest_MEAN,1488.2860713005066,76.5
BUREAU_CAR_AMT_CREDIT_SUM_MEAN,1485.7118145942688,91.3
INS_36M_DPD_15_MEAN,1459.8081485271455,65.9
NAME_HOUSING_TYPE,1433.7818180084228,92.1
CC_AMT_CREDIT_LIMIT_ACTUAL_MAX,1415.3875024795532,76.3
WALLSMATERIAL_MODE,1412.7590738296508,79.6
PREV_LAST12M_NAME_CONTRACT_TYPE_Revolving_loans_MEAN,1386.3062510967254,69.7
REFUSED_NAME_CONTRACT_TYPE_Revolving_loans_MEAN,1384.9569162368775,67.4
FLAG_OWN_CAR,1366.300113105774,29.7
PREV_LAST12M_NAME_CONTRACT_TYPE_Cash_loans_MEAN,1364.9701791286468,69.9
INS_48M_LIMIT_USE_MAX,1354.3674201011659,50.6
BUREAU_MORTGAGE_DAYS_CREDIT_MAX,1354.067496585846,66.6
BUREAU_CREDIT_ACTIVE_Sold_MEAN,1350.7672966480254,73.2
PREV_PRODUCT_COMBINATION_Cash_Street_middle_MEAN,1343.5675040245055,72.3
PREV_PRODUCT_COMBINATION_Card_Street_MEAN,1314.6596610069275,69.7
CC_AMT_TOTAL_RECEIVABLE_MAX,1312.5692604541778,62.2
BUREAU_MORTGAGE_DAYS_CREDIT_MEAN,1302.4084189414978,63.5
PREV_CHANNEL_TYPE_Channel_of_corporate_sales_MEAN,1300.0368441581727,82.7
CC_LATE_PAYMENT_SUM,1293.6568276882172,81.3
APPROVED_DAYS_FIRST_DRAWING_MEAN,1287.5073290348053,66.0
BUREAU_AMT_CREDIT_SUM_OVERDUE_SUM,1267.8367078781127,39.0
CC_CNT_DRAWINGS_ATM_CURRENT_MAX,1239.0097786426545,54.9
PREV_PRODUCT_COMBINATION_POS_mobile_without_interest_MEAN,1234.4498025894165,71.7
PREV_PRODUCT_COMBINATION_Card_X_Sell_MEAN,1216.0464145183564,66.5
PREV_LAST12M_NAME_CONTRACT_TYPE_Consumer_loans_MEAN,1196.2549534797668,59.7
APPROVED_SK_ID_PREV_NUNIQUE,1195.2552446365357,55.1
BUREAU_CREDIT_TYPE_Mortgage_MEAN,1194.725562477112,50.7
PREV_NAME_CONTRACT_STATUS_Unused_offer_MEAN,1185.7257353782654,68.8
BUREAU_MICROLOAN_DEBT_CREDIT_DIFF_MEAN,1137.5349343299865,36.2
PREV_NAME_TYPE_SUITE_Children_MEAN,1132.878632926941,63.4
INS_PAID_OVER_MEAN,1129.9671985626221,60.3
BUREAU_MORTGAGE_DAYS_CREDIT_ENDDATE_MAX,1123.7926086425782,63.9
PREV_PRODUCT_COMBINATION_Cash_Street_high_MEAN,1081.7683180809022,52.4
PREV_NAME_TYPE_SUITE_Other_B_MEAN,1048.6528845787047,59.5
NAME_TYPE_SUITE,1011.947376537323,57.9
INS_SK_ID_PREV_NUNIQUE,994.8046100616455,44.2
BUREAU_CAR_DAYS_CREDIT_ENDDATE_MAX,989.839866733551,58.9
PREV_ACTIVE_AMT_DOWN_PAYMENT_MAX,985.2858402252198,53.7
LAST_LOAN_PAID_OVER_mean,980.9305684089661,54.2
CC_SK_DPD_SUM,942.4797965526581,62.2
BUREAU_LAST6M_AMT_CREDIT_MAX_OVERDUE_MAX,907.4702246665954,47.0
INS_48M_LIMIT_USE_MEAN,904.5549793243408,26.5
BUREAU_LAST6M_AMT_CREDIT_MAX_OVERDUE_MEAN,878.0977240562439,45.7
BUREAU_MORTGAGE_DEBT_CREDIT_DIFF_MEAN,872.024070596695,50.8
BUREAU_CAR_DAYS_CREDIT_MEAN,840.2839057922363,49.0
PREV_PRODUCT_COMBINATION_Cash_Street_low_MEAN,839.8740087509156,50.1
PREV_NAME_TYPE_SUITE_Other_A_MEAN,781.720478439331,44.0
BUREAU_LAST6M_STATUS_0_MEAN,781.3238161087036,44.9
BUREAU_MICROLOAN_DEBT_PERCENTAGE_MEAN,778.2568203449249,34.8
BUREAU_CAR_DEBT_PERCENTAGE_MEAN,774.129506111145,42.6
CC_SK_DPD_MEAN,732.8013455390931,41.7
BUREAU_CAR_AMT_CREDIT_SUM_DEBT_MEAN,731.5123480319977,41.0
PREV_PRODUCT_COMBINATION_POS_industry_without_interest_MEAN,725.5980241298676,51.2
INS_12M_AMT_BALANCE_MAX,708.8780805587769,34.3
BUREAU_CAR_DAYS_CREDIT_MAX,699.1308537483216,40.8
PREV_ACTIVE_AMT_DOWN_PAYMENT_MEAN,687.111660194397,39.2
INS_24M_AMT_BALANCE_MEAN,671.8482675552368,30.0
LAST_LOAN_PAID_OVER_AMOUNT_max,618.2642868995666,35.0
BUREAU_CAR_AMT_CREDIT_SUM_DEBT_MAX,606.7553082466126,35.8
BUREAU_CREDIT_TYPE_Car_loan_MEAN,603.4359147548676,38.4
BUREAU_MORTGAGE_AMT_CREDIT_SUM_DEBT_MAX,581.6099499702453,30.2
FLAG_DOCUMENT_8,562.7007996082306,35.8
INS_12M_SK_DPD_SUM,520.7850051403045,34.2
BUREAU_MORTGAGE_AMT_CREDIT_SUM_DEBT_MEAN,518.8874529361725,27.3
BUREAU_LAST12M_STATUS_12345_MEAN,510.094631767273,28.3
PREV_ACTIVE_SK_ID_PREV_NUNIQUE,482.870534324646,24.2
NAME_CONTRACT_TYPE,482.16405420303346,18.4
POS_NAME_CONTRACT_STATUS_Approved_MEAN,469.18322496414186,27.5
BUREAU_MORTGAGE_DEBT_PERCENTAGE_MEAN,409.90861320495605,26.5
INS_48M_AMT_BALANCE_MEAN,379.9417129516602,16.2
LIVE_CITY_NOT_WORK_CITY,372.3521312713623,23.0
BUREAU_CLOSED_AMT_CREDIT_SUM_OVERDUE_MEAN,332.5015073299408,24.0
INS_24M_AMT_BALANCE_MAX,302.61912603378295,13.9
FLAG_DOCUMENT_18,299.2558901309967,17.8
CC_SK_DPD_DEF_SUM,280.79620628356935,16.6
CC_SK_DPD_MAX,273.34145975112915,16.4
INS_24M_SK_DPD_SUM,228.86271715164185,15.2
AMT_REQ_CREDIT_BUREAU_WEEK,193.0674098968506,11.6
BUREAU_CAR_AMT_CREDIT_MAX_OVERDUE_MEAN,184.45780625343323,12.3
INS_48M_AMT_BALANCE_MAX,177.27408056259156,7.8
CC_SK_DPD_DEF_MAX,157.17995071411133,9.2
BUREAU_CAR_AMT_CREDIT_MAX_OVERDUE_MAX,146.32930002212524,10.7
BUREAU_LAST6M_STATUS_12345_MEAN,130.7971769809723,8.8
INS_48M_SK_DPD_SUM,124.4260892868042,8.0
INS_12M_SK_DPD_MAX,120.8575276374817,7.9
LIVE_REGION_NOT_WORK_REGION,98.04845609664918,6.0
BUREAU_MORTGAGE_AMT_CREDIT_MAX_OVERDUE_MEAN,92.80665979385375,6.5
PREV_NAME_CLIENT_TYPE_XNA_MEAN,70.9998701095581,4.5
PREV_NAME_TYPE_SUITE_Group_of_people_MEAN,70.44966402053834,3.8
PREV_PRODUCT_COMBINATION_POS_others_without_interest_MEAN,57.96873016357422,3.3
AMT_REQ_CREDIT_BUREAU_HOUR,53.88067960739136,2.9
INS_24M_SK_DPD_MAX,53.420309734344485,3.4
BUREAU_LAST6M_AMT_CREDIT_SUM_OVERDUE_MEAN,50.79454879760742,2.9
BUREAU_MORTGAGE_AMT_CREDIT_MAX_OVERDUE_MAX,33.22339000701904,2.1
INS_48M_SK_DPD_MAX,32.657322311401366,2.2
POS_NAME_CONTRACT_STATUS_Demand_MEAN,23.024713039398193,1.7
PREV_NAME_CONTRACT_TYPE_XNA_MEAN,18.543230247497558,1.1
BUREAU_MICROLOAN_AMT_CREDIT_MAX_OVERDUE_MEAN,7.708080101013183,0.5
CC_LATE_PAYMENT_MAX,7.062769889831543,0.4
BUREAU_MICROLOAN_AMT_CREDIT_MAX_OVERDUE_MAX,4.115329933166504,0.3
APPROVED_DAYS_FIRST_DRAWING_MAX,4.032279968261719,0.3
PREV_CHANNEL_TYPE_Car_dealer_MEAN,1.1894499778747558,0.1
